{
  "id": "1270693",
  "name": "sky-ui",
  "font_family": "sky-font",
  "css_prefix_text": "icon-",
  "description": "",
  "glyphs": [
    {
      "icon_id": "12215184",
      "name": "pic",
      "font_class": "pic",
      "unicode": "e620",
      "unicode_decimal": 58912
    },
    {
      "icon_id": "9875379",
      "name": "可见",
      "font_class": "visible",
      "unicode": "e66b",
      "unicode_decimal": 58987
    },
    {
      "icon_id": "12183287",
      "name": "不可见",
      "font_class": "no-visible",
      "unicode": "e61d",
      "unicode_decimal": 58909
    },
    {
      "icon_id": "13645961",
      "name": "绩效考核",
      "font_class": "performance",
      "unicode": "e8d3",
      "unicode_decimal": 59603
    },
    {
      "icon_id": "13645944",
      "name": "22act_返回",
      "font_class": "return",
      "unicode": "e8d2",
      "unicode_decimal": 59602
    },
    {
      "icon_id": "7539612",
      "name": "nv",
      "font_class": "female",
      "unicode": "e67e",
      "unicode_decimal": 59006
    },
    {
      "icon_id": "7539613",
      "name": "nan",
      "font_class": "male",
      "unicode": "e67f",
      "unicode_decimal": 59007
    },
    {
      "icon_id": "12974866",
      "name": "设置",
      "font_class": "setting",
      "unicode": "e62c",
      "unicode_decimal": 58924
    },
    {
      "icon_id": "12975003",
      "name": "认证信息",
      "font_class": "safety",
      "unicode": "e635",
      "unicode_decimal": 58933
    },
    {
      "icon_id": "13168130",
      "name": "05TABbar",
      "font_class": "user",
      "unicode": "e729",
      "unicode_decimal": 59177
    },
    {
      "icon_id": "13168131",
      "name": "05TABbar-fill",
      "font_class": "user-fill",
      "unicode": "e72a",
      "unicode_decimal": 59178
    },
    {
      "icon_id": "13168154",
      "name": "location",
      "font_class": "location",
      "unicode": "e730",
      "unicode_decimal": 59184
    },
    {
      "icon_id": "13168156",
      "name": "location-fill",
      "font_class": "location-fill",
      "unicode": "e733",
      "unicode_decimal": 59187
    },
    {
      "icon_id": "13168160",
      "name": "menu-fill",
      "font_class": "menu-fill",
      "unicode": "e734",
      "unicode_decimal": 59188
    },
    {
      "icon_id": "13168162",
      "name": "more",
      "font_class": "more",
      "unicode": "e735",
      "unicode_decimal": 59189
    },
    {
      "icon_id": "13168163",
      "name": "more-fill",
      "font_class": "more-fill",
      "unicode": "e736",
      "unicode_decimal": 59190
    },
    {
      "icon_id": "13168574",
      "name": "业绩",
      "font_class": "ranking",
      "unicode": "e61c",
      "unicode_decimal": 58908
    },
    {
      "icon_id": "13219440",
      "name": "1",
      "font_class": "one",
      "unicode": "e604",
      "unicode_decimal": 58884
    },
    {
      "icon_id": "13219509",
      "name": "2",
      "font_class": "two",
      "unicode": "e605",
      "unicode_decimal": 58885
    },
    {
      "icon_id": "13219510",
      "name": "0",
      "font_class": "zero",
      "unicode": "e606",
      "unicode_decimal": 58886
    },
    {
      "icon_id": "13219511",
      "name": "4",
      "font_class": "four",
      "unicode": "e607",
      "unicode_decimal": 58887
    },
    {
      "icon_id": "13219512",
      "name": "6",
      "font_class": "six",
      "unicode": "e608",
      "unicode_decimal": 58888
    },
    {
      "icon_id": "13219513",
      "name": "10",
      "font_class": "ten",
      "unicode": "e609",
      "unicode_decimal": 58889
    },
    {
      "icon_id": "13219514",
      "name": "11",
      "font_class": "eleven",
      "unicode": "e60a",
      "unicode_decimal": 58890
    },
    {
      "icon_id": "13219515",
      "name": "8",
      "font_class": "eight",
      "unicode": "e60b",
      "unicode_decimal": 58891
    },
    {
      "icon_id": "13219516",
      "name": "7",
      "font_class": "seven",
      "unicode": "e60d",
      "unicode_decimal": 58893
    },
    {
      "icon_id": "13219517",
      "name": "3",
      "font_class": "three",
      "unicode": "e60e",
      "unicode_decimal": 58894
    },
    {
      "icon_id": "13219518",
      "name": "17",
      "font_class": "seventeen",
      "unicode": "e60f",
      "unicode_decimal": 58895
    },
    {
      "icon_id": "13219519",
      "name": "16",
      "font_class": "sixteen",
      "unicode": "e611",
      "unicode_decimal": 58897
    },
    {
      "icon_id": "13219520",
      "name": "13",
      "font_class": "thirteen",
      "unicode": "e612",
      "unicode_decimal": 58898
    },
    {
      "icon_id": "13219521",
      "name": "14",
      "font_class": "fourteen",
      "unicode": "e613",
      "unicode_decimal": 58899
    },
    {
      "icon_id": "13219522",
      "name": "9",
      "font_class": "nine",
      "unicode": "e614",
      "unicode_decimal": 58900
    },
    {
      "icon_id": "13219523",
      "name": "12",
      "font_class": "twelve",
      "unicode": "e616",
      "unicode_decimal": 58902
    },
    {
      "icon_id": "13219524",
      "name": "5",
      "font_class": "five",
      "unicode": "e617",
      "unicode_decimal": 58903
    },
    {
      "icon_id": "13219525",
      "name": "19",
      "font_class": "nineteen",
      "unicode": "e618",
      "unicode_decimal": 58904
    },
    {
      "icon_id": "13219526",
      "name": "15",
      "font_class": "fifteen",
      "unicode": "e619",
      "unicode_decimal": 58905
    },
    {
      "icon_id": "13219527",
      "name": "20",
      "font_class": "twenty",
      "unicode": "e61a",
      "unicode_decimal": 58906
    },
    {
      "icon_id": "13219528",
      "name": "18",
      "font_class": "eighteen",
      "unicode": "e61b",
      "unicode_decimal": 58907
    },
    {
      "icon_id": "577324",
      "name": "圆形选中",
      "font_class": "selected-round",
      "unicode": "e731",
      "unicode_decimal": 59185
    },
    {
      "icon_id": "52508",
      "name": "recharge_fill",
      "font_class": "coin-fill",
      "unicode": "e6ec",
      "unicode_decimal": 59116
    },
    {
      "icon_id": "52509",
      "name": "recharge",
      "font_class": "coin",
      "unicode": "e6ed",
      "unicode_decimal": 59117
    },
    {
      "icon_id": "577302",
      "name": "单选-fill",
      "font_class": "radio-fill",
      "unicode": "e71e",
      "unicode_decimal": 59166
    },
    {
      "icon_id": "577305",
      "name": "单选",
      "font_class": "radio",
      "unicode": "e71f",
      "unicode_decimal": 59167
    },
    {
      "icon_id": "577306",
      "name": "方形未选中",
      "font_class": "unselected",
      "unicode": "e720",
      "unicode_decimal": 59168
    },
    {
      "icon_id": "577307",
      "name": "方形选中-fill",
      "font_class": "selected-fill",
      "unicode": "e721",
      "unicode_decimal": 59169
    },
    {
      "icon_id": "577308",
      "name": "方形选中",
      "font_class": "selected",
      "unicode": "e722",
      "unicode_decimal": 59170
    },
    {
      "icon_id": "577322",
      "name": "圆形未选中",
      "font_class": "unselected-round",
      "unicode": "e72f",
      "unicode_decimal": 59183
    },
    {
      "icon_id": "577337",
      "name": "分享",
      "font_class": "share",
      "unicode": "e739",
      "unicode_decimal": 59193
    },
    {
      "icon_id": "577340",
      "name": "购物车-fill",
      "font_class": "shopping-cart-fill",
      "unicode": "e73c",
      "unicode_decimal": 59196
    },
    {
      "icon_id": "577341",
      "name": "购物车",
      "font_class": "shopping-cart",
      "unicode": "e73d",
      "unicode_decimal": 59197
    },
    {
      "icon_id": "577381",
      "name": "喜欢-fill",
      "font_class": "favorite-fill",
      "unicode": "e760",
      "unicode_decimal": 59232
    },
    {
      "icon_id": "577382",
      "name": "喜欢",
      "font_class": "favorite",
      "unicode": "e761",
      "unicode_decimal": 59233
    },
    {
      "icon_id": "8106227",
      "name": "home",
      "font_class": "home",
      "unicode": "e69b",
      "unicode_decimal": 59035
    },
    {
      "icon_id": "8106245",
      "name": "close",
      "font_class": "close",
      "unicode": "e69e",
      "unicode_decimal": 59038
    },
    {
      "icon_id": "11474219",
      "name": "all",
      "font_class": "all",
      "unicode": "e6ef",
      "unicode_decimal": 59119
    },
    {
      "icon_id": "11474291",
      "name": "integral",
      "font_class": "integral",
      "unicode": "e6f9",
      "unicode_decimal": 59129
    },
    {
      "icon_id": "11474324",
      "name": "play",
      "font_class": "play",
      "unicode": "e701",
      "unicode_decimal": 59137
    },
    {
      "icon_id": "11474335",
      "name": "QRcode",
      "font_class": "QRcode",
      "unicode": "e704",
      "unicode_decimal": 59140
    },
    {
      "icon_id": "11481287",
      "name": "all-fill",
      "font_class": "all-fill",
      "unicode": "e718",
      "unicode_decimal": 59160
    },
    {
      "icon_id": "11481357",
      "name": "play-fill",
      "font_class": "play-fill",
      "unicode": "e732",
      "unicode_decimal": 59186
    },
    {
      "icon_id": "11481382",
      "name": "stop-fill",
      "font_class": "stop-fill",
      "unicode": "e738",
      "unicode_decimal": 59192
    },
    {
      "icon_id": "11487973",
      "name": "add",
      "font_class": "add-circle",
      "unicode": "e742",
      "unicode_decimal": 59202
    },
    {
      "icon_id": "11488004",
      "name": "code",
      "font_class": "code",
      "unicode": "e747",
      "unicode_decimal": 59207
    },
    {
      "icon_id": "11488022",
      "name": "cut",
      "font_class": "cut",
      "unicode": "e74b",
      "unicode_decimal": 59211
    },
    {
      "icon_id": "11488026",
      "name": "double-arro- right",
      "font_class": "double-arro-right",
      "unicode": "e74d",
      "unicode_decimal": 59213
    },
    {
      "icon_id": "11488028",
      "name": "double-arrow-left",
      "font_class": "double-arrow-left",
      "unicode": "e74e",
      "unicode_decimal": 59214
    },
    {
      "icon_id": "11488039",
      "name": "falling",
      "font_class": "down-arrow",
      "unicode": "e751",
      "unicode_decimal": 59217
    },
    {
      "icon_id": "11488063",
      "name": "left arrow",
      "font_class": "left-arrow",
      "unicode": "e755",
      "unicode_decimal": 59221
    },
    {
      "icon_id": "11488067",
      "name": "link",
      "font_class": "link",
      "unicode": "e756",
      "unicode_decimal": 59222
    },
    {
      "icon_id": "11488077",
      "name": "move",
      "font_class": "move",
      "unicode": "e759",
      "unicode_decimal": 59225
    },
    {
      "icon_id": "11488090",
      "name": "operation",
      "font_class": "operation",
      "unicode": "e75b",
      "unicode_decimal": 59227
    },
    {
      "icon_id": "11488096",
      "name": "pin",
      "font_class": "pin",
      "unicode": "e75d",
      "unicode_decimal": 59229
    },
    {
      "icon_id": "11488097",
      "name": "play",
      "font_class": "play1",
      "unicode": "e75e",
      "unicode_decimal": 59230
    },
    {
      "icon_id": "11488100",
      "name": "product",
      "font_class": "product",
      "unicode": "e75f",
      "unicode_decimal": 59231
    },
    {
      "icon_id": "11488105",
      "name": "reeor",
      "font_class": "error",
      "unicode": "e762",
      "unicode_decimal": 59234
    },
    {
      "icon_id": "11488106",
      "name": "reduce",
      "font_class": "reduce-circle",
      "unicode": "e763",
      "unicode_decimal": 59235
    },
    {
      "icon_id": "11488114",
      "name": "rising",
      "font_class": "up-arrow",
      "unicode": "e765",
      "unicode_decimal": 59237
    },
    {
      "icon_id": "11488115",
      "name": "Right arrow",
      "font_class": "right-arrow",
      "unicode": "e766",
      "unicode_decimal": 59238
    },
    {
      "icon_id": "11488118",
      "name": "save",
      "font_class": "save",
      "unicode": "e767",
      "unicode_decimal": 59239
    },
    {
      "icon_id": "11488142",
      "name": "switch",
      "font_class": "switch",
      "unicode": "e76a",
      "unicode_decimal": 59242
    },
    {
      "icon_id": "11488146",
      "name": "suspended",
      "font_class": "suspended",
      "unicode": "e76b",
      "unicode_decimal": 59243
    },
    {
      "icon_id": "11488158",
      "name": "view larger",
      "font_class": "view-larger",
      "unicode": "e76c",
      "unicode_decimal": 59244
    },
    {
      "icon_id": "11488163",
      "name": "warning",
      "font_class": "warning",
      "unicode": "e76d",
      "unicode_decimal": 59245
    },
    {
      "icon_id": "11488167",
      "name": "viewlist",
      "font_class": "viewlist",
      "unicode": "e76e",
      "unicode_decimal": 59246
    },
    {
      "icon_id": "11488225",
      "name": "add-fill",
      "font_class": "add-fill",
      "unicode": "e777",
      "unicode_decimal": 59255
    },
    {
      "icon_id": "11488273",
      "name": "integral-fill",
      "font_class": "integral-fill",
      "unicode": "e782",
      "unicode_decimal": 59266
    },
    {
      "icon_id": "11488298",
      "name": "pin-fill",
      "font_class": "pin-fill",
      "unicode": "e788",
      "unicode_decimal": 59272
    },
    {
      "icon_id": "11488301",
      "name": "reduce-fill",
      "font_class": "reduce-fill",
      "unicode": "e789",
      "unicode_decimal": 59273
    },
    {
      "icon_id": "11488305",
      "name": "product",
      "font_class": "product-fill",
      "unicode": "e78a",
      "unicode_decimal": 59274
    },
    {
      "icon_id": "11488341",
      "name": "warning-fill",
      "font_class": "warning-fill",
      "unicode": "e790",
      "unicode_decimal": 59280
    },
    {
      "icon_id": "12011574",
      "name": "add-select",
      "font_class": "add",
      "unicode": "e7b0",
      "unicode_decimal": 59312
    },
    {
      "icon_id": "12011622",
      "name": "sami-select",
      "font_class": "reduce",
      "unicode": "e7b1",
      "unicode_decimal": 59313
    },
    {
      "icon_id": "13087836",
      "name": "缩小",
      "font_class": "view-smaller",
      "unicode": "e7c5",
      "unicode_decimal": 59333
    },
    {
      "icon_id": "13119205",
      "name": "收起",
      "font_class": "shouqi",
      "unicode": "e7d3",
      "unicode_decimal": 59347
    },
    {
      "icon_id": "13119206",
      "name": "展开",
      "font_class": "zhankai",
      "unicode": "e7d4",
      "unicode_decimal": 59348
    },
    {
      "icon_id": "11372690",
      "name": "闪电",
      "font_class": "lightning",
      "unicode": "e8cd",
      "unicode_decimal": 59597
    },
    {
      "icon_id": "11372760",
      "name": "帮助",
      "font_class": "help-fill",
      "unicode": "e8ce",
      "unicode_decimal": 59598
    },
    {
      "icon_id": "11372772",
      "name": "闪电",
      "font_class": "lightning-fill",
      "unicode": "e8cf",
      "unicode_decimal": 59599
    },
    {
      "icon_id": "11372782",
      "name": "相机",
      "font_class": "camera-fill",
      "unicode": "e8d1",
      "unicode_decimal": 59601
    },
    {
      "icon_id": "8777390",
      "name": "check_filled",
      "font_class": "checked-fill",
      "unicode": "e652",
      "unicode_decimal": 58962
    },
    {
      "icon_id": "8777399",
      "name": "forbidden",
      "font_class": "forbidden",
      "unicode": "e653",
      "unicode_decimal": 58963
    },
    {
      "icon_id": "8777402",
      "name": "forbidden_filled",
      "font_class": "forbidden-fill",
      "unicode": "e656",
      "unicode_decimal": 58966
    },
    {
      "icon_id": "8777413",
      "name": "info_filled",
      "font_class": "info-fill",
      "unicode": "e665",
      "unicode_decimal": 58981
    },
    {
      "icon_id": "8776842",
      "name": "search",
      "font_class": "search",
      "unicode": "e63d",
      "unicode_decimal": 58941
    },
    {
      "icon_id": "8776987",
      "name": "notification",
      "font_class": "notification",
      "unicode": "e642",
      "unicode_decimal": 58946
    },
    {
      "icon_id": "8776988",
      "name": "notification_off",
      "font_class": "notification-off",
      "unicode": "e643",
      "unicode_decimal": 58947
    },
    {
      "icon_id": "8777080",
      "name": "filter",
      "font_class": "filter",
      "unicode": "e648",
      "unicode_decimal": 58952
    },
    {
      "icon_id": "8777370",
      "name": "list",
      "font_class": "list",
      "unicode": "e64f",
      "unicode_decimal": 58959
    },
    {
      "icon_id": "8777414",
      "name": "info",
      "font_class": "info",
      "unicode": "e654",
      "unicode_decimal": 58964
    },
    {
      "icon_id": "8777427",
      "name": "help",
      "font_class": "help",
      "unicode": "e655",
      "unicode_decimal": 58965
    },
    {
      "icon_id": "8777494",
      "name": "star",
      "font_class": "star",
      "unicode": "e657",
      "unicode_decimal": 58967
    },
    {
      "icon_id": "8777495",
      "name": "star_filled",
      "font_class": "star-fill",
      "unicode": "e658",
      "unicode_decimal": 58968
    },
    {
      "icon_id": "8777509",
      "name": "arrow_up",
      "font_class": "up",
      "unicode": "e659",
      "unicode_decimal": 58969
    },
    {
      "icon_id": "8777510",
      "name": "arrow_left",
      "font_class": "left",
      "unicode": "e65a",
      "unicode_decimal": 58970
    },
    {
      "icon_id": "8777511",
      "name": "arrow_down",
      "font_class": "down",
      "unicode": "e65b",
      "unicode_decimal": 58971
    },
    {
      "icon_id": "8777512",
      "name": "arrow_right",
      "font_class": "right",
      "unicode": "e65c",
      "unicode_decimal": 58972
    },
    {
      "icon_id": "8777532",
      "name": "page_first",
      "font_class": "page-left",
      "unicode": "e65d",
      "unicode_decimal": 58973
    },
    {
      "icon_id": "8777533",
      "name": "down_to_bottom",
      "font_class": "page-down",
      "unicode": "e65e",
      "unicode_decimal": 58974
    },
    {
      "icon_id": "8777534",
      "name": "up_to_top",
      "font_class": "page-up",
      "unicode": "e65f",
      "unicode_decimal": 58975
    },
    {
      "icon_id": "8777535",
      "name": "page_last",
      "font_class": "page-right",
      "unicode": "e660",
      "unicode_decimal": 58976
    },
    {
      "icon_id": "8777600",
      "name": "page_turning_left",
      "font_class": "left-triangle",
      "unicode": "e661",
      "unicode_decimal": 58977
    },
    {
      "icon_id": "8777601",
      "name": "page_turning_right",
      "font_class": "right-triangle",
      "unicode": "e662",
      "unicode_decimal": 58978
    },
    {
      "icon_id": "8777602",
      "name": "show_less",
      "font_class": "up-triangle",
      "unicode": "e663",
      "unicode_decimal": 58979
    },
    {
      "icon_id": "8777603",
      "name": "show_more",
      "font_class": "down-triangle",
      "unicode": "e664",
      "unicode_decimal": 58980
    },
    {
      "icon_id": "11372640",
      "name": "编辑",
      "font_class": "edit",
      "unicode": "e8ac",
      "unicode_decimal": 59564
    },
    {
      "icon_id": "11372646",
      "name": "播放记录",
      "font_class": "record",
      "unicode": "e8ae",
      "unicode_decimal": 59566
    },
    {
      "icon_id": "11372647",
      "name": "创作",
      "font_class": "creation",
      "unicode": "e8af",
      "unicode_decimal": 59567
    },
    {
      "icon_id": "11372648",
      "name": "成功",
      "font_class": "success",
      "unicode": "e8b0",
      "unicode_decimal": 59568
    },
    {
      "icon_id": "11372651",
      "name": "点赞",
      "font_class": "like",
      "unicode": "e8b1",
      "unicode_decimal": 59569
    },
    {
      "icon_id": "11372655",
      "name": "地图",
      "font_class": "map",
      "unicode": "e8b2",
      "unicode_decimal": 59570
    },
    {
      "icon_id": "11372658",
      "name": "订单",
      "font_class": "order",
      "unicode": "e8b4",
      "unicode_decimal": 59572
    },
    {
      "icon_id": "11372665",
      "name": "复制",
      "font_class": "copy",
      "unicode": "e8b6",
      "unicode_decimal": 59574
    },
    {
      "icon_id": "11372667",
      "name": "话题符号",
      "font_class": "topic",
      "unicode": "e8b8",
      "unicode_decimal": 59576
    },
    {
      "icon_id": "11372676",
      "name": "密码",
      "font_class": "lock",
      "unicode": "e8ba",
      "unicode_decimal": 59578
    },
    {
      "icon_id": "11372682",
      "name": "朋友圈",
      "font_class": "circle-of-friends",
      "unicode": "e8bb",
      "unicode_decimal": 59579
    },
    {
      "icon_id": "11372685",
      "name": "扫一扫",
      "font_class": "scan",
      "unicode": "e8bc",
      "unicode_decimal": 59580
    },
    {
      "icon_id": "11372686",
      "name": "日历",
      "font_class": "calendar",
      "unicode": "e8bd",
      "unicode_decimal": 59581
    },
    {
      "icon_id": "11372693",
      "name": "删除",
      "font_class": "delete",
      "unicode": "e8be",
      "unicode_decimal": 59582
    },
    {
      "icon_id": "11372695",
      "name": "上传",
      "font_class": "download",
      "unicode": "e8c0",
      "unicode_decimal": 59584
    },
    {
      "icon_id": "11372697",
      "name": "声音关闭",
      "font_class": "mute",
      "unicode": "e8c1",
      "unicode_decimal": 59585
    },
    {
      "icon_id": "11372698",
      "name": "失败",
      "font_class": "failure",
      "unicode": "e8c2",
      "unicode_decimal": 59586
    },
    {
      "icon_id": "11372700",
      "name": "声音",
      "font_class": "sound",
      "unicode": "e8c3",
      "unicode_decimal": 59587
    },
    {
      "icon_id": "11372721",
      "name": "相机",
      "font_class": "camera",
      "unicode": "e8c7",
      "unicode_decimal": 59591
    },
    {
      "icon_id": "11372722",
      "name": "消息",
      "font_class": "message",
      "unicode": "e8c8",
      "unicode_decimal": 59592
    },
    {
      "icon_id": "11372723",
      "name": "下载",
      "font_class": "upload",
      "unicode": "e8c9",
      "unicode_decimal": 59593
    },
    {
      "icon_id": "11372738",
      "name": "WIFI",
      "font_class": "wifi",
      "unicode": "e8cc",
      "unicode_decimal": 59596
    },
    {
      "icon_id": "1186353",
      "name": "人数",
      "font_class": "group",
      "unicode": "e6b6",
      "unicode_decimal": 59062
    },
    {
      "icon_id": "4333789",
      "name": "刷新",
      "font_class": "refresh",
      "unicode": "e610",
      "unicode_decimal": 58896
    },
    {
      "icon_id": "1486824",
      "name": "加载",
      "font_class": "load",
      "unicode": "e62b",
      "unicode_decimal": 58923
    }
  ]
}
