{
  "id": "1270693",
  "name": "sky-ui",
  "font_family": "sky",
  "css_prefix_text": "icon",
  "description": "",
  "glyphs": [
    {
      "icon_id": "9875379",
      "name": "可见",
      "font_class": "kejian",
      "unicode": "e66b",
      "unicode_decimal": 58987
    },
    {
      "icon_id": "12183287",
      "name": "不可见",
      "font_class": "bukejian",
      "unicode": "e61d",
      "unicode_decimal": 58909
    },
    {
      "icon_id": "7539612",
      "name": "nv",
      "font_class": "nv",
      "unicode": "e67e",
      "unicode_decimal": 59006
    },
    {
      "icon_id": "7539613",
      "name": "nan",
      "font_class": "nan",
      "unicode": "e67f",
      "unicode_decimal": 59007
    },
    {
      "icon_id": "11345013",
      "name": "22act_返回",
      "font_class": "act_fanhui",
      "unicode": "e600",
      "unicode_decimal": 58880
    },
    {
      "icon_id": "12959350",
      "name": "绩效考核",
      "font_class": "jixiaokaohe",
      "unicode": "e62f",
      "unicode_decimal": 58927
    },
    {
      "icon_id": "12974866",
      "name": "设置",
      "font_class": "shezhi1",
      "unicode": "e62c",
      "unicode_decimal": 58924
    },
    {
      "icon_id": "12975003",
      "name": "认证信息",
      "font_class": "renzhengxinxi",
      "unicode": "e635",
      "unicode_decimal": 58933
    },
    {
      "icon_id": "13168130",
      "name": "05TABbar",
      "font_class": "TABbar",
      "unicode": "e729",
      "unicode_decimal": 59177
    },
    {
      "icon_id": "13168131",
      "name": "05TABbar-fill",
      "font_class": "TABbar-fill",
      "unicode": "e72a",
      "unicode_decimal": 59178
    },
    {
      "icon_id": "13168154",
      "name": "location",
      "font_class": "location",
      "unicode": "e730",
      "unicode_decimal": 59184
    },
    {
      "icon_id": "13168156",
      "name": "location-fill",
      "font_class": "location-fill",
      "unicode": "e733",
      "unicode_decimal": 59187
    },
    {
      "icon_id": "13168160",
      "name": "menu-fill",
      "font_class": "menu-fill",
      "unicode": "e734",
      "unicode_decimal": 59188
    },
    {
      "icon_id": "13168162",
      "name": "more",
      "font_class": "more",
      "unicode": "e735",
      "unicode_decimal": 59189
    },
    {
      "icon_id": "13168163",
      "name": "more-fill",
      "font_class": "more-fill",
      "unicode": "e736",
      "unicode_decimal": 59190
    },
    {
      "icon_id": "13168574",
      "name": "业绩",
      "font_class": "yeji",
      "unicode": "e61c",
      "unicode_decimal": 58908
    },
    {
      "icon_id": "13219440",
      "name": "1",
      "font_class": "icon-test2",
      "unicode": "e604",
      "unicode_decimal": 58884
    },
    {
      "icon_id": "13219509",
      "name": "2",
      "font_class": "icon-test3",
      "unicode": "e605",
      "unicode_decimal": 58885
    },
    {
      "icon_id": "13219510",
      "name": "0",
      "font_class": "icon-test5",
      "unicode": "e606",
      "unicode_decimal": 58886
    },
    {
      "icon_id": "13219511",
      "name": "4",
      "font_class": "icon-test6",
      "unicode": "e607",
      "unicode_decimal": 58887
    },
    {
      "icon_id": "13219512",
      "name": "6",
      "font_class": "icon-test7",
      "unicode": "e608",
      "unicode_decimal": 58888
    },
    {
      "icon_id": "13219513",
      "name": "10",
      "font_class": "icon-test12",
      "unicode": "e609",
      "unicode_decimal": 58889
    },
    {
      "icon_id": "13219514",
      "name": "11",
      "font_class": "icon-test33",
      "unicode": "e60a",
      "unicode_decimal": 58890
    },
    {
      "icon_id": "13219515",
      "name": "8",
      "font_class": "icon-test36",
      "unicode": "e60b",
      "unicode_decimal": 58891
    },
    {
      "icon_id": "13219516",
      "name": "7",
      "font_class": "icon-test37",
      "unicode": "e60d",
      "unicode_decimal": 58893
    },
    {
      "icon_id": "13219517",
      "name": "3",
      "font_class": "icon-test38",
      "unicode": "e60e",
      "unicode_decimal": 58894
    },
    {
      "icon_id": "13219518",
      "name": "17",
      "font_class": "icon-test39",
      "unicode": "e60f",
      "unicode_decimal": 58895
    },
    {
      "icon_id": "13219519",
      "name": "16",
      "font_class": "icon-test40",
      "unicode": "e611",
      "unicode_decimal": 58897
    },
    {
      "icon_id": "13219520",
      "name": "13",
      "font_class": "icon-test41",
      "unicode": "e612",
      "unicode_decimal": 58898
    },
    {
      "icon_id": "13219521",
      "name": "14",
      "font_class": "icon-test42",
      "unicode": "e613",
      "unicode_decimal": 58899
    },
    {
      "icon_id": "13219522",
      "name": "9",
      "font_class": "icon-test43",
      "unicode": "e614",
      "unicode_decimal": 58900
    },
    {
      "icon_id": "13219523",
      "name": "12",
      "font_class": "icon-test44",
      "unicode": "e616",
      "unicode_decimal": 58902
    },
    {
      "icon_id": "13219524",
      "name": "5",
      "font_class": "icon-test45",
      "unicode": "e617",
      "unicode_decimal": 58903
    },
    {
      "icon_id": "13219525",
      "name": "19",
      "font_class": "icon-test46",
      "unicode": "e618",
      "unicode_decimal": 58904
    },
    {
      "icon_id": "13219526",
      "name": "15",
      "font_class": "icon-test47",
      "unicode": "e619",
      "unicode_decimal": 58905
    },
    {
      "icon_id": "13219527",
      "name": "20",
      "font_class": "icon-test48",
      "unicode": "e61a",
      "unicode_decimal": 58906
    },
    {
      "icon_id": "13219528",
      "name": "18",
      "font_class": "icon-test49",
      "unicode": "e61b",
      "unicode_decimal": 58907
    },
    {
      "icon_id": "577324",
      "name": "圆形选中",
      "font_class": "yuanxingxuanzhong",
      "unicode": "e731",
      "unicode_decimal": 59185
    },
    {
      "icon_id": "52508",
      "name": "recharge_fill",
      "font_class": "rechargefill",
      "unicode": "e6ec",
      "unicode_decimal": 59116
    },
    {
      "icon_id": "52509",
      "name": "recharge",
      "font_class": "recharge",
      "unicode": "e6ed",
      "unicode_decimal": 59117
    },
    {
      "icon_id": "577302",
      "name": "单选-fill",
      "font_class": "danxuanfill",
      "unicode": "e71e",
      "unicode_decimal": 59166
    },
    {
      "icon_id": "577305",
      "name": "单选",
      "font_class": "danxuan",
      "unicode": "e71f",
      "unicode_decimal": 59167
    },
    {
      "icon_id": "577306",
      "name": "方形未选中",
      "font_class": "fangxingweixuanzhong",
      "unicode": "e720",
      "unicode_decimal": 59168
    },
    {
      "icon_id": "577307",
      "name": "方形选中-fill",
      "font_class": "fangxingxuanzhongfill",
      "unicode": "e721",
      "unicode_decimal": 59169
    },
    {
      "icon_id": "577308",
      "name": "方形选中",
      "font_class": "fangxingxuanzhong",
      "unicode": "e722",
      "unicode_decimal": 59170
    },
    {
      "icon_id": "577322",
      "name": "圆形未选中",
      "font_class": "yuanxingweixuanzhong",
      "unicode": "e72f",
      "unicode_decimal": 59183
    },
    {
      "icon_id": "577337",
      "name": "分享",
      "font_class": "fenxiang1",
      "unicode": "e739",
      "unicode_decimal": 59193
    },
    {
      "icon_id": "577340",
      "name": "购物车-fill",
      "font_class": "gouwuchefill",
      "unicode": "e73c",
      "unicode_decimal": 59196
    },
    {
      "icon_id": "577341",
      "name": "购物车",
      "font_class": "gouwuche",
      "unicode": "e73d",
      "unicode_decimal": 59197
    },
    {
      "icon_id": "577381",
      "name": "喜欢-fill",
      "font_class": "xihuanfill",
      "unicode": "e760",
      "unicode_decimal": 59232
    },
    {
      "icon_id": "577382",
      "name": "喜欢",
      "font_class": "xihuan",
      "unicode": "e761",
      "unicode_decimal": 59233
    },
    {
      "icon_id": "8106227",
      "name": "home",
      "font_class": "home",
      "unicode": "e69b",
      "unicode_decimal": 59035
    },
    {
      "icon_id": "8106245",
      "name": "close",
      "font_class": "close",
      "unicode": "e69e",
      "unicode_decimal": 59038
    },
    {
      "icon_id": "11474219",
      "name": "all",
      "font_class": "all",
      "unicode": "e6ef",
      "unicode_decimal": 59119
    },
    {
      "icon_id": "11474291",
      "name": "integral",
      "font_class": "integral",
      "unicode": "e6f9",
      "unicode_decimal": 59129
    },
    {
      "icon_id": "11474324",
      "name": "play",
      "font_class": "play",
      "unicode": "e701",
      "unicode_decimal": 59137
    },
    {
      "icon_id": "11474335",
      "name": "QRcode",
      "font_class": "QRcode",
      "unicode": "e704",
      "unicode_decimal": 59140
    },
    {
      "icon_id": "11481287",
      "name": "all-fill",
      "font_class": "all-fill",
      "unicode": "e718",
      "unicode_decimal": 59160
    },
    {
      "icon_id": "11481357",
      "name": "play-fill",
      "font_class": "play-fill",
      "unicode": "e732",
      "unicode_decimal": 59186
    },
    {
      "icon_id": "11481382",
      "name": "stop-fill",
      "font_class": "stop-fill",
      "unicode": "e738",
      "unicode_decimal": 59192
    },
    {
      "icon_id": "11487973",
      "name": "add",
      "font_class": "add",
      "unicode": "e742",
      "unicode_decimal": 59202
    },
    {
      "icon_id": "11488004",
      "name": "code",
      "font_class": "code",
      "unicode": "e747",
      "unicode_decimal": 59207
    },
    {
      "icon_id": "11488022",
      "name": "cut",
      "font_class": "cut",
      "unicode": "e74b",
      "unicode_decimal": 59211
    },
    {
      "icon_id": "11488026",
      "name": "double-arro- right",
      "font_class": "double-arro-right",
      "unicode": "e74d",
      "unicode_decimal": 59213
    },
    {
      "icon_id": "11488028",
      "name": "double-arrow-left",
      "font_class": "double-arrow-left",
      "unicode": "e74e",
      "unicode_decimal": 59214
    },
    {
      "icon_id": "11488039",
      "name": "falling",
      "font_class": "falling",
      "unicode": "e751",
      "unicode_decimal": 59217
    },
    {
      "icon_id": "11488063",
      "name": "left arrow",
      "font_class": "leftarrow",
      "unicode": "e755",
      "unicode_decimal": 59221
    },
    {
      "icon_id": "11488067",
      "name": "link",
      "font_class": "link",
      "unicode": "e756",
      "unicode_decimal": 59222
    },
    {
      "icon_id": "11488077",
      "name": "move",
      "font_class": "move",
      "unicode": "e759",
      "unicode_decimal": 59225
    },
    {
      "icon_id": "11488090",
      "name": "operation",
      "font_class": "operation",
      "unicode": "e75b",
      "unicode_decimal": 59227
    },
    {
      "icon_id": "11488096",
      "name": "pin",
      "font_class": "pin",
      "unicode": "e75d",
      "unicode_decimal": 59229
    },
    {
      "icon_id": "11488097",
      "name": "play",
      "font_class": "play1",
      "unicode": "e75e",
      "unicode_decimal": 59230
    },
    {
      "icon_id": "11488100",
      "name": "product",
      "font_class": "product",
      "unicode": "e75f",
      "unicode_decimal": 59231
    },
    {
      "icon_id": "11488105",
      "name": "reeor",
      "font_class": "reeor",
      "unicode": "e762",
      "unicode_decimal": 59234
    },
    {
      "icon_id": "11488106",
      "name": "reduce",
      "font_class": "reduce",
      "unicode": "e763",
      "unicode_decimal": 59235
    },
    {
      "icon_id": "11488112",
      "name": "return",
      "font_class": "return",
      "unicode": "e764",
      "unicode_decimal": 59236
    },
    {
      "icon_id": "11488114",
      "name": "rising",
      "font_class": "rising",
      "unicode": "e765",
      "unicode_decimal": 59237
    },
    {
      "icon_id": "11488115",
      "name": "Right arrow",
      "font_class": "Rightarrow",
      "unicode": "e766",
      "unicode_decimal": 59238
    },
    {
      "icon_id": "11488118",
      "name": "save",
      "font_class": "save",
      "unicode": "e767",
      "unicode_decimal": 59239
    },
    {
      "icon_id": "11488142",
      "name": "switch",
      "font_class": "switch",
      "unicode": "e76a",
      "unicode_decimal": 59242
    },
    {
      "icon_id": "11488146",
      "name": "suspended",
      "font_class": "suspended",
      "unicode": "e76b",
      "unicode_decimal": 59243
    },
    {
      "icon_id": "11488158",
      "name": "view larger",
      "font_class": "viewlarger",
      "unicode": "e76c",
      "unicode_decimal": 59244
    },
    {
      "icon_id": "11488163",
      "name": "warning",
      "font_class": "warning",
      "unicode": "e76d",
      "unicode_decimal": 59245
    },
    {
      "icon_id": "11488167",
      "name": "viewlist",
      "font_class": "viewlist",
      "unicode": "e76e",
      "unicode_decimal": 59246
    },
    {
      "icon_id": "11488213",
      "name": "exchange rate",
      "font_class": "exchangerate",
      "unicode": "e772",
      "unicode_decimal": 59250
    },
    {
      "icon_id": "11488225",
      "name": "add-fill",
      "font_class": "add-fill",
      "unicode": "e777",
      "unicode_decimal": 59255
    },
    {
      "icon_id": "11488273",
      "name": "integral-fill",
      "font_class": "integral-fill",
      "unicode": "e782",
      "unicode_decimal": 59266
    },
    {
      "icon_id": "11488298",
      "name": "pin-fill",
      "font_class": "pin-fill",
      "unicode": "e788",
      "unicode_decimal": 59272
    },
    {
      "icon_id": "11488301",
      "name": "reduce-fill",
      "font_class": "reduce-fill",
      "unicode": "e789",
      "unicode_decimal": 59273
    },
    {
      "icon_id": "11488305",
      "name": "product",
      "font_class": "product1",
      "unicode": "e78a",
      "unicode_decimal": 59274
    },
    {
      "icon_id": "11488341",
      "name": "warning-fill",
      "font_class": "warning-fill",
      "unicode": "e790",
      "unicode_decimal": 59280
    },
    {
      "icon_id": "12011574",
      "name": "add-select",
      "font_class": "add-select",
      "unicode": "e7b0",
      "unicode_decimal": 59312
    },
    {
      "icon_id": "12011622",
      "name": "sami-select",
      "font_class": "sami-select",
      "unicode": "e7b1",
      "unicode_decimal": 59313
    },
    {
      "icon_id": "13087836",
      "name": "缩小",
      "font_class": "suoxiao",
      "unicode": "e7c5",
      "unicode_decimal": 59333
    },
    {
      "icon_id": "13119205",
      "name": "收起",
      "font_class": "shouqi",
      "unicode": "e7d3",
      "unicode_decimal": 59347
    },
    {
      "icon_id": "13119206",
      "name": "展开",
      "font_class": "zhankai",
      "unicode": "e7d4",
      "unicode_decimal": 59348
    },
    {
      "icon_id": "11372690",
      "name": "闪电",
      "font_class": "shandian",
      "unicode": "e8cd",
      "unicode_decimal": 59597
    },
    {
      "icon_id": "11372760",
      "name": "帮助",
      "font_class": "bangzhu",
      "unicode": "e8ce",
      "unicode_decimal": 59598
    },
    {
      "icon_id": "11372772",
      "name": "闪电",
      "font_class": "shandian1",
      "unicode": "e8cf",
      "unicode_decimal": 59599
    },
    {
      "icon_id": "11372774",
      "name": "首页",
      "font_class": "shouye1",
      "unicode": "e8d0",
      "unicode_decimal": 59600
    },
    {
      "icon_id": "11372782",
      "name": "相机",
      "font_class": "xiangji1",
      "unicode": "e8d1",
      "unicode_decimal": 59601
    },
    {
      "icon_id": "8777487",
      "name": "caution_filled",
      "font_class": "icon-test35",
      "unicode": "e669",
      "unicode_decimal": 58985
    },
    {
      "icon_id": "8777390",
      "name": "check_filled",
      "font_class": "icon-test29",
      "unicode": "e652",
      "unicode_decimal": 58962
    },
    {
      "icon_id": "8777399",
      "name": "forbidden",
      "font_class": "icon-test30",
      "unicode": "e653",
      "unicode_decimal": 58963
    },
    {
      "icon_id": "8777402",
      "name": "forbidden_filled",
      "font_class": "icon-test31",
      "unicode": "e656",
      "unicode_decimal": 58966
    },
    {
      "icon_id": "8777413",
      "name": "info_filled",
      "font_class": "icon-test32",
      "unicode": "e665",
      "unicode_decimal": 58981
    },
    {
      "icon_id": "8777429",
      "name": "caution",
      "font_class": "icon-test34",
      "unicode": "e667",
      "unicode_decimal": 58983
    },
    {
      "icon_id": "8776631",
      "name": "view",
      "font_class": "icon-test",
      "unicode": "e633",
      "unicode_decimal": 58931
    },
    {
      "icon_id": "8776676",
      "name": "view_off",
      "font_class": "icon-test1",
      "unicode": "e634",
      "unicode_decimal": 58932
    },
    {
      "icon_id": "8776842",
      "name": "search",
      "font_class": "icon-test4",
      "unicode": "e63d",
      "unicode_decimal": 58941
    },
    {
      "icon_id": "8776987",
      "name": "notification",
      "font_class": "icon-test8",
      "unicode": "e642",
      "unicode_decimal": 58946
    },
    {
      "icon_id": "8776988",
      "name": "notification_off",
      "font_class": "icon-test9",
      "unicode": "e643",
      "unicode_decimal": 58947
    },
    {
      "icon_id": "8777080",
      "name": "filter",
      "font_class": "icon-test10",
      "unicode": "e648",
      "unicode_decimal": 58952
    },
    {
      "icon_id": "8777370",
      "name": "list",
      "font_class": "icon-test11",
      "unicode": "e64f",
      "unicode_decimal": 58959
    },
    {
      "icon_id": "8777414",
      "name": "info",
      "font_class": "icon-test13",
      "unicode": "e654",
      "unicode_decimal": 58964
    },
    {
      "icon_id": "8777427",
      "name": "help",
      "font_class": "icon-test14",
      "unicode": "e655",
      "unicode_decimal": 58965
    },
    {
      "icon_id": "8777494",
      "name": "star",
      "font_class": "icon-test15",
      "unicode": "e657",
      "unicode_decimal": 58967
    },
    {
      "icon_id": "8777495",
      "name": "star_filled",
      "font_class": "icon-test16",
      "unicode": "e658",
      "unicode_decimal": 58968
    },
    {
      "icon_id": "8777509",
      "name": "arrow_up",
      "font_class": "icon-test17",
      "unicode": "e659",
      "unicode_decimal": 58969
    },
    {
      "icon_id": "8777510",
      "name": "arrow_left",
      "font_class": "icon-test18",
      "unicode": "e65a",
      "unicode_decimal": 58970
    },
    {
      "icon_id": "8777511",
      "name": "arrow_down",
      "font_class": "icon-test19",
      "unicode": "e65b",
      "unicode_decimal": 58971
    },
    {
      "icon_id": "8777512",
      "name": "arrow_right",
      "font_class": "icon-test20",
      "unicode": "e65c",
      "unicode_decimal": 58972
    },
    {
      "icon_id": "8777532",
      "name": "page_first",
      "font_class": "icon-test21",
      "unicode": "e65d",
      "unicode_decimal": 58973
    },
    {
      "icon_id": "8777533",
      "name": "down_to_bottom",
      "font_class": "icon-test22",
      "unicode": "e65e",
      "unicode_decimal": 58974
    },
    {
      "icon_id": "8777534",
      "name": "up_to_top",
      "font_class": "icon-test23",
      "unicode": "e65f",
      "unicode_decimal": 58975
    },
    {
      "icon_id": "8777535",
      "name": "page_last",
      "font_class": "icon-test24",
      "unicode": "e660",
      "unicode_decimal": 58976
    },
    {
      "icon_id": "8777600",
      "name": "page_turning_left",
      "font_class": "icon-test25",
      "unicode": "e661",
      "unicode_decimal": 58977
    },
    {
      "icon_id": "8777601",
      "name": "page_turning_right",
      "font_class": "icon-test26",
      "unicode": "e662",
      "unicode_decimal": 58978
    },
    {
      "icon_id": "8777602",
      "name": "show_less",
      "font_class": "icon-test27",
      "unicode": "e663",
      "unicode_decimal": 58979
    },
    {
      "icon_id": "8777603",
      "name": "show_more",
      "font_class": "icon-test28",
      "unicode": "e664",
      "unicode_decimal": 58980
    },
    {
      "icon_id": "11372640",
      "name": "编辑",
      "font_class": "bianji",
      "unicode": "e8ac",
      "unicode_decimal": 59564
    },
    {
      "icon_id": "11372646",
      "name": "播放记录",
      "font_class": "bofangjilu",
      "unicode": "e8ae",
      "unicode_decimal": 59566
    },
    {
      "icon_id": "11372647",
      "name": "创作",
      "font_class": "chuangzuo",
      "unicode": "e8af",
      "unicode_decimal": 59567
    },
    {
      "icon_id": "11372648",
      "name": "成功",
      "font_class": "chenggong",
      "unicode": "e8b0",
      "unicode_decimal": 59568
    },
    {
      "icon_id": "11372651",
      "name": "点赞",
      "font_class": "dianzan1",
      "unicode": "e8b1",
      "unicode_decimal": 59569
    },
    {
      "icon_id": "11372655",
      "name": "地图",
      "font_class": "ditu",
      "unicode": "e8b2",
      "unicode_decimal": 59570
    },
    {
      "icon_id": "11372658",
      "name": "订单",
      "font_class": "dingdan",
      "unicode": "e8b4",
      "unicode_decimal": 59572
    },
    {
      "icon_id": "11372665",
      "name": "复制",
      "font_class": "fuzhi",
      "unicode": "e8b6",
      "unicode_decimal": 59574
    },
    {
      "icon_id": "11372666",
      "name": "分享",
      "font_class": "fenxiang",
      "unicode": "e8b7",
      "unicode_decimal": 59575
    },
    {
      "icon_id": "11372667",
      "name": "话题符号",
      "font_class": "huatifuhao",
      "unicode": "e8b8",
      "unicode_decimal": 59576
    },
    {
      "icon_id": "11372671",
      "name": "减少",
      "font_class": "jianshao",
      "unicode": "e8b9",
      "unicode_decimal": 59577
    },
    {
      "icon_id": "11372676",
      "name": "密码",
      "font_class": "mima",
      "unicode": "e8ba",
      "unicode_decimal": 59578
    },
    {
      "icon_id": "11372682",
      "name": "朋友圈",
      "font_class": "pengyouquan",
      "unicode": "e8bb",
      "unicode_decimal": 59579
    },
    {
      "icon_id": "11372685",
      "name": "扫一扫",
      "font_class": "saoyisao",
      "unicode": "e8bc",
      "unicode_decimal": 59580
    },
    {
      "icon_id": "11372686",
      "name": "日历",
      "font_class": "rili",
      "unicode": "e8bd",
      "unicode_decimal": 59581
    },
    {
      "icon_id": "11372693",
      "name": "删除",
      "font_class": "shanchu",
      "unicode": "e8be",
      "unicode_decimal": 59582
    },
    {
      "icon_id": "11372694",
      "name": "设置",
      "font_class": "shezhi",
      "unicode": "e8bf",
      "unicode_decimal": 59583
    },
    {
      "icon_id": "11372695",
      "name": "上传",
      "font_class": "shangchuan",
      "unicode": "e8c0",
      "unicode_decimal": 59584
    },
    {
      "icon_id": "11372697",
      "name": "声音关闭",
      "font_class": "shengyinguanbi",
      "unicode": "e8c1",
      "unicode_decimal": 59585
    },
    {
      "icon_id": "11372698",
      "name": "失败",
      "font_class": "shibai",
      "unicode": "e8c2",
      "unicode_decimal": 59586
    },
    {
      "icon_id": "11372700",
      "name": "声音",
      "font_class": "shengyin",
      "unicode": "e8c3",
      "unicode_decimal": 59587
    },
    {
      "icon_id": "11372703",
      "name": "首页",
      "font_class": "shouye",
      "unicode": "e8c4",
      "unicode_decimal": 59588
    },
    {
      "icon_id": "11372713",
      "name": "未选中",
      "font_class": "weixuanzhong",
      "unicode": "e8c5",
      "unicode_decimal": 59589
    },
    {
      "icon_id": "11372721",
      "name": "相机",
      "font_class": "xiangji",
      "unicode": "e8c7",
      "unicode_decimal": 59591
    },
    {
      "icon_id": "11372722",
      "name": "消息",
      "font_class": "xiaoxi",
      "unicode": "e8c8",
      "unicode_decimal": 59592
    },
    {
      "icon_id": "11372723",
      "name": "下载",
      "font_class": "xiazai",
      "unicode": "e8c9",
      "unicode_decimal": 59593
    },
    {
      "icon_id": "11372726",
      "name": "消息中心",
      "font_class": "xiaoxizhongxin",
      "unicode": "e8ca",
      "unicode_decimal": 59594
    },
    {
      "icon_id": "11372735",
      "name": "增加",
      "font_class": "zengjia",
      "unicode": "e8cb",
      "unicode_decimal": 59595
    },
    {
      "icon_id": "11372738",
      "name": "WIFI",
      "font_class": "WIFI",
      "unicode": "e8cc",
      "unicode_decimal": 59596
    },
    {
      "icon_id": "551615",
      "name": "五角星",
      "font_class": "star_full",
      "unicode": "e627",
      "unicode_decimal": 58919
    },
    {
      "icon_id": "579286",
      "name": "点赞",
      "font_class": "dianzan",
      "unicode": "e60c",
      "unicode_decimal": 58892
    },
    {
      "icon_id": "925643",
      "name": "默认头像",
      "font_class": "morentouxiang",
      "unicode": "e677",
      "unicode_decimal": 58999
    },
    {
      "icon_id": "1186353",
      "name": "人数",
      "font_class": "renshu",
      "unicode": "e6b6",
      "unicode_decimal": 59062
    },
    {
      "icon_id": "4333789",
      "name": "刷新",
      "font_class": "shuaxin2",
      "unicode": "e610",
      "unicode_decimal": 58896
    },
    {
      "icon_id": "2119425",
      "name": "暂停",
      "font_class": "suspend_icon",
      "unicode": "e668",
      "unicode_decimal": 58984
    },
    {
      "icon_id": "4889699",
      "name": "开始",
      "font_class": "kaishi",
      "unicode": "e615",
      "unicode_decimal": 58901
    },
    {
      "icon_id": "1486824",
      "name": "加载",
      "font_class": "jiazai3",
      "unicode": "e62b",
      "unicode_decimal": 58923
    }
  ]
}
